URL,Author,Year,Title
https://doi.org/10.3389/fnins.2025.1515374,Rosal_et_al,2025,The role of <i>Apolipoprotein E4</i> on cognitive impairment in Parkinson's disease and Parkinsonisms.
https://doi.org/10.1016/j.ibneur.2025.01.016,Dorszewska_et_al,2025,"Genetic variants of <i>ZNF746</i> and the level of plasma Parkin, PINK1, and ZNF746 proteins in patients with Parkinson's disease."
https://doi.org/10.1093/braincomms/fcae471,Ganos_et_al,2025,Voluntary and involuntary motor behaviours in the varieties of religious experience.
https://doi.org/10.1002/acn3.52295,Gonzalez_et_al,2025,Relationship of cognitive decline with glucocerebrosidase activity and amyloid-beta 42 in DLB and PD.
https://doi.org/10.1186/s12967-025-06317-5,Zhan_et_al,2025,Biomarker identification for Alzheimer's disease through integration of comprehensive Mendelian randomization and proteomics data.
https://doi.org/10.1186/s12984-025-01592-1,Noy_et_al,2025,Submovements in manual tracking: people with Parkinson's disease produce more submovements than age-matched controls.
https://doi.org/10.1038/s41598-025-91344-x,Xu_et_al,2025,Exploring the active ingredients and potential mechanisms of Pingchan granules in Parkinson's disease treatment through network pharmacology and transcriptomics.
https://doi.org/10.1038/s41531-025-00893-5,Wang_et_al,2025,Atrophy of ventral diencephalon is associated with freezing of gait in Parkinson's disease: analysis of two cohorts.
https://doi.org/10.1038/s41531-025-00891-7,Siddiqi_et_al,2025,Race and ethnicity matter! Moving Parkinson's risk research towards diversity and inclusiveness.
https://doi.org/10.1007/s11682-025-00984-0,Li_et_al,2025,Differentiating patterns of neuro-circuitry abnormalities in tremor dominant parkinson's disease and multiple system atrophy: a resting-state fMRI study.
https://doi.org/10.1038/s41531-025-00892-6,Chen_et_al,2025,SVHRSP protects against rotenone-induced neurodegeneration in mice by inhibiting TLR4/NF-κB-mediated neuroinflammation via gut microbiota.
https://doi.org/10.1016/j.jare.2025.03.001,Li_et_al,2025,The Power of Exercise: Unlocking the biological Mysteries of Peripheral-Central crosstalk in Parkinson's disease.
https://doi.org/10.1016/j.ymeth.2025.03.006,Wang_et_al,2025,Detection of hypochlorous acid fluctuation via a near-infrared fluorescent probe in Parkinson's disease cells and mouse models.
https://doi.org/10.1016/j.gaitpost.2025.02.019,Ozkan_et_al,2025,4-meter walk test in patients with Parkinson's disease: A reliability and validity study.
https://doi.org/10.1093/genetics/iyaf027,Matentzoglu_et_al,2025,The Unified Phenotype Ontology (uPheno): A framework for cross-species integrative phenomics.
https://doi.org/10.1007/s10266-025-01078-5,Donnet_et_al,2025,Serotype and distribution of adhesion genes in Streptococcus mutans isolated from people with Parkinson's disease.
https://doi.org/10.1007/s12602-025-10499-1,Wang_et_al,2025,Akkermansia muciniphila Akk11 Supplementation Attenuates MPTP-Induced Neurodegeneration by Inhibiting Microglial NLRP3 Inflammasome.
https://doi.org/10.1007/s10072-025-08078-x,Luca_et_al,2025,Challenging the impostor: a scoping review of the pharmacological management of Capgras syndrome in Parkinson's disease and Lewy bodies dementia.
https://doi.org/10.1007/s12035-025-04801-z,Li_et_al,2025,"Exercise Ameliorates Dysregulated Mitochondrial Fission, Mitochondrial Respiration, and Neuronal Apoptosis in Parkinson's Disease Mice via the Irisin/AMPK/SIRT1 Pathway."
https://doi.org/10.1007/s00415-025-12989-2,Malatt_et_al,2025,"Adrenergic blockers, statins, and non-steroidal anti-inflammatory drugs are associated with later age at onset in Parkinson's disease."
https://doi.org/10.1007/s00702-025-02901-7,Giannakis_et_al,2025,Nutritional and dietary clinical trials for Parkinson's disease: a narrative review.
https://doi.org/10.17116/jnevro2025125021130,Rushkevich_et_al,2025,[Adult leukoencephalopathy with axonal spheroids and pigmented glia].
https://doi.org/10.17116/jnevro202512502121,Bril_et_al,2025,[Pathomorphosis of the Parkinson's disease against the background of DBS STN].
https://doi.org/10.1111/cbdd.70082,Shen_et_al,2025,Identification of Potent Leucine-Rich Repeat Kinase 2 Inhibitors by Virtual Screening and Biological Evaluation.
https://doi.org/10.3389/fnagi.2025.1495492,Ma_et_al,2025,Efficacy of transcranial direct current stimulation on cognitive function in patients with Parkinson's disease: a systematic review and meta-analysis.
https://doi.org/10.3389/fneur.2025.1434733,Wang_et_al,2025,A signature combining brain functional connectivity with executive and motor function for general cognitive decline in Parkinson's disease.
https://doi.org/10.3389/fnins.2025.1525486,Lu_et_al,2025,Clinical efficacy and potential mechanisms of acupuncture for Parkinson's disease: the role of GABAergic signaling.
https://doi.org/10.1093/braincomms/fcaf089,Abanto_et_al,2025,Association between amyloid-β42 levels and neuropsychiatric symptoms in Alzheimer's disease trials.
https://doi.org/10.1093/braincomms/fcaf087,Öztürk_et_al,2025,The role of microglia in the prion-like transmission of protein aggregates in neurodegeneration.
https://doi.org/10.29399/npa.28670,Çekiç_et_al,2025,Idiopathic Parkinson's Disease and Neuro-ophthalmological Findings: A Study on Neurodegeneration in the Retinal Nerve Fiber Layer and Cognitive Functions.
https://doi.org/10.2174/0115734099352664250225041948,Rajendran_et_al,2025,Designing and Evaluation of a Novel IL-1RA Fusion Cytokine to Enhance the Pharmacokinetics and Receptor Affinity for Better Therapeutic Intervention in Inflammatory Disorders.
https://doi.org/10.23736/S0390-5616.25.06429-X,Panciani_et_al,2025,Idiopathic normal pressure hydrocephalus: a systematic review and a streamlined six-step algorithm endorsed by the Italian Society of Neurosurgery (SINCH).
https://doi.org/10.23736/S0390-5616.24.06360-4,Schmidt_et_al,2025,Treatment of iNPH: novel insights.
https://doi.org/10.23736/S0390-5616.25.06411-2,Iseki_et_al,2025,Instrumental assessment of INPH: structural and functional neuroimaging.
https://doi.org/10.23736/S0390-5616.24.06368-9,Bluett_et_al,2025,"Standardizing the large-volume ""tap test"" for evaluating idiopathic normal pressure hydrocephalus: a systematic review."
https://doi.org/10.23736/S0390-5616.25.06390-8,Mostile_et_al,2025,Is normal pressure hydrocephalus a movement disorder?
https://doi.org/10.23736/S0390-5616.24.06363-X,Fasano_et_al,2025,What is idiopathic in normal pressure hydrocephalus?
https://doi.org/10.23736/S0390-5616.25.06478-1,Fasano,2025,Idiopathic normal pressure hydrocephalus revisited: welcome interdisciplinarity!
https://doi.org/10.1111/febs.70053,Preziuso_et_al,2025,A non-redundant role of EAAT3 for ATP synthesis mediated by GDH in dopaminergic neuronal cells: a new avenue for glutamate metabolism and protection in Parkinson's disease.
https://doi.org/10.1002/psp4.70000,Arrington_et_al,2025,Item Response Modeling and Artificial Neural Network for Differentiation of Parkinson's Patients and Subjects Without Evidence of Dopaminergic Deficit.
https://doi.org/10.1186/s40478-025-01964-7,Blair_et_al,2025,Structural and functional studies of the VAPB-PTPIP51 ER-mitochondria tethering proteins in neurodegenerative diseases.
https://doi.org/10.1186/s12864-025-11316-3,Wang_et_al,2025,DSLE2 random-effects meta-analysis model for high-throughput methylation data.
https://doi.org/10.1111/ejn.70039,Erdman_et_al,2025,Is the Subthalamic Nucleus Sleeping Under Nitrous Oxide-Ketamine General Anesthesia?
https://doi.org/10.1007/s00508-025-02518-6,Cheng_et_al,2025,The effect of a nurse-led intervention on number of falls and acceptance of disability in patients with Parkinson's disease.
https://doi.org/10.1007/s00204-025-03994-5,Serrano-Civantos_et_al,2025,Potential role of ochratoxin A in Parkinson's disease: a systematic review of current evidence.
https://doi.org/10.1016/j.parkreldis.2025.107352,Wang_et_al,2025,A case of spinocerebellar ataxia type 8 with clinical manifestations as Parkinson's disease.
https://doi.org/10.1136/bmj-2024-080952,Su_et_al,2025,Projections for prevalence of Parkinson's disease and its driving factors in 195 countries and territories to 2050: modelling study of Global Burden of Disease Study 2021.
https://doi.org/10.1136/bmj.r350,Kurth_et_al,2025,Projecting Parkinson's disease burden.
https://doi.org/10.1016/j.bbrc.2025.151578,Jannesar_et_al,2025,"MPO and its role in cancer, cardiovascular and neurological disorders: An update."
https://doi.org/10.1044/2024_AJSLP-24-00353,Sevitz_et_al,2025,Perspectives on Airway Protection: A Mixed Methods Investigation in People With Parkinson's Disease.
https://doi.org/10.1093/brain/awaf087,Prange_et_al,2025,Serotonergic dysfunction in patients with impulse control disorders in Parkinson's disease.
https://doi.org/10.1007/s00415-024-12808-0,Rodríguez-Antigüedad_et_al,2025,Heterogeneity of cognitive progression and clinical predictors in Parkinson's disease-subjective cognitive decline.
https://doi.org/10.1007/s00401-025-02859-6,Abdeen_et_al,2025,Parkinson-like wild-type superoxide dismutase 1 pathology induces nigral dopamine neuron degeneration in a novel murine model.
https://doi.org/10.18071/isz.78.0056,Gozde_et_al,2025,Exploring pain phenomena and associations in Parkinson's disease: A Turkish perspective.
https://doi.org/10.1002/alz.14528,Leuzy_et_al,2025,Considerations in the clinical use of amyloid PET and CSF biomarkers for Alzheimer's disease.
https://doi.org/10.1227/ons.0000000000001520,Pertsch_et_al,2025,Dual-Lesion Magnetic Resonance-Guided Focused Ultrasound Thalamotomy of the Ventralis Intermedius Nucleus and Ventralis Oralis Anterior and Posterior Nuclei for the Treatment of Tremor-Dominant Parkinson's Disease: Outcomes in 6 Treated Cases.
https://doi.org/10.1111/ejn.70032,Ronaghi_et_al,2025,"Neurophysiological Treatment Effects of Mesdopetam, Pimavanserin and Amantadine in a Rodent Model of Levodopa-Induced Dyskinesia."
https://doi.org/10.1021/acschemneuro.4c00819,Waheed_et_al,2025,Evaluating the Molecular Interactions between Type 2 Diabetes Mellitus and Parkinson's Disease: Role of Antidiabetic Drugs as Promising Therapeutics.
https://doi.org/10.1002/mdc3.70025,Nogueira_et_al,2025,Long-Term Quality of Life Trend after Subthalamic Stimulation for Parkinson's Disease: An Updated Systematic Review and Meta-Analysis.
https://doi.org/10.1002/mdc3.70022,Kola_et_al,2025,Delayed Normal Pressure Hydrocephalus after Deep Brain Stimulation in Parkinson's Disease.
https://doi.org/10.1002/jnr.70029,Chen_et_al,2025,Dynamic Temporal Alterations of the Cerebellum in Parkinson's Disease With Different Dominant-Affected Sides.
https://doi.org/10.2147/NDT.S511671,Cheng_et_al,2025,Uncovering Potential Biomarkers and Constructing a Prediction Model Associated with Iron Metabolism in Parkinson's Disease.
https://doi.org/10.1002/hsr2.70530,Khatun_et_al,2025,The Current Situation of Neurological Health in Bangladesh: A Perspective.
https://doi.org/10.34172/hpp.43089,Sadeghi_et_al,2024,Climate change's impact on the nervous system: A review study.
https://doi.org/10.1155/nri/6846267,Khallaf_et_al,2025,Effect of Vestibular-Oriented Balance Training on Postural Control and Risk of Fall in Patients With Parkinson's Disease.
https://doi.org/10.1155/anrp/4976637,Bauiomy_et_al,2025,"Study the Effect of Intraperitoneal Dexamethasone, Dexmedetomidine, and Their Combination on PONV After Laparoscopic Cholecystectomy: A Randomized Triple-Blind Trial."
https://doi.org/10.3389/frai.2025.1502504,Menon_et_al,2025,Reconstructing signal during brain stimulation with Stim-BERT: a self-supervised learning model trained on millions of iEEG files.
https://doi.org/10.3389/fnagi.2025.1510411,Zhou_et_al,2025,Associations of the Life's Essential 8 with Parkinson's disease: a population-based study.
https://doi.org/10.18773/austprescr.003,Mouchaileh_et_al,2025,Device-assisted therapies for Parkinson disease.
https://doi.org/10.1017/S0022149X25000161,Khatir_et_al,2025,The association between Parkinson disease and <i>Toxocara</i> infection/exposure: A case-control study.
https://doi.org/10.1111/ejn.70046,Gobeil_et_al,2025,Local Field Potential Biomarkers of Non-Motor Symptoms in Parkinson's Disease: Insights From the Subthalamic Nucleus in Deep Brain Stimulation.
https://doi.org/10.1111/jep.70044,Wong_et_al,2025,'I'm Not Sure Who to Refer You to': Experiences of Clinicians Accessing Allied Health for Their Patients With Parkinson's Disease.
https://doi.org/10.1109/EMBC53108.2024.10781499,Sun_et_al,2024,"EEG-estimated functional connectivity, and not behavior, differentiates Parkinson's patients from health controls during the Simon conflict task."
https://doi.org/10.1109/EMBC53108.2024.10782673,Acevedo T_et_al,2024,Automated Acoustic Analysis in Parkinson's Disease Using a Smartphone<sup></sup>.
https://doi.org/10.1109/EMBC53108.2024.10781879,Hadley_et_al,2024,Simulating Accelerometer Signals of Parkinson's Gait Using Generative Adversarial Networks.
https://doi.org/10.1109/EMBC53108.2024.10781711,Udhayakumar_et_al,2024,Nonlinear Assessment of Gait Signal Complexity in Neurodegenerative Disorders.
https://doi.org/10.1109/EMBC53108.2024.10781584,Zhang_et_al,2024,Dysarthria Detection with Deep Representation Learning for Patients with Parkinson's Disease.
https://doi.org/10.1109/EMBC53108.2024.10781612,Matsui_et_al,2024,Exploring Sway Metrics of Intermittency in the Feedback Postural Control for Assessing Balance Impairment in Patients with Parkinson's Disease.
https://doi.org/10.1109/EMBC53108.2024.10782333,Jin_et_al,2024,Explainable framework to detect Parkinson's disease related depression from EEG.
https://doi.org/10.1109/EMBC53108.2024.10781946,Ahmed_et_al,2024,A Novel Algorithm For Real-time Detection Of Freezing Of Gait Using Wrist-based Accelerometer Sensor Data.
https://doi.org/10.1109/EMBC53108.2024.10782867,Reardon_et_al,2024,Wearable Sensor Configurations for Effective Tremor Assessment in Parkinson's Disease.
https://doi.org/10.1109/EMBC53108.2024.10782415,Asnaghi_et_al,2024,Evaluation of Valsalva Maneuver in Alpha-Synucleinopathies.
https://doi.org/10.1109/EMBC53108.2024.10782637,Mahmood_et_al,2024,Haptic-Enhanced Mixed Reality for Upper Limb Rehabilitation in Parkinson's Disease.
https://doi.org/10.1109/EMBC53108.2024.10781504,Pappas_et_al,2024,Video-based Clinical Gait Analysis in Parkinson's Disease: A Novel Approach Using Frontal Plane Videos and Machine Learning.
https://doi.org/10.1109/EMBC53108.2024.10782215,Meng_et_al,2024,Motor task complexity matters more in dual task gait performance for early-stage Parkinson's disease identification.
https://doi.org/10.1109/EMBC53108.2024.10782393,Liu_et_al,2024,Cross-speed and Cross-posture Gait Phase Partitioning Based on Multi-modal Data.
https://doi.org/10.1109/EMBC53108.2024.10782100,Daniol_et_al,2024,Eye-tracking in Mixed Reality for Diagnosis of Neurodegenerative Diseases.
https://doi.org/10.1109/EMBC53108.2024.10782073,Sierra-Jerez_et_al,2024,Towards dopaminergic SPECT estimation from structural MRI sequences to characterize Parkinson's disease.
https://doi.org/10.1109/EMBC53108.2024.10782431,Shuqair_et_al,2024,Shared-task Self-supervised Learning for Estimating Free Movement Unified Parkinson's Disease Rating Scale III.
https://doi.org/10.1109/EMBC53108.2024.10782276,Ymeri_et_al,2024,Usability of a Mobile Application for Patients with Parkinson's Disease.
https://doi.org/10.1109/EMBC53108.2024.10781915,Amprimo_et_al,2024,Enhancing Model Generalizability In Parkinson's Disease Automatic Assessment: A Semi-Supervised Approach Across Independent Experiments.
https://doi.org/10.1109/EMBC53108.2024.10782034,Watkinson_et_al,2024,Concurrent validity of instrumented insoles measuring gait and balance metrics in Parkinson's disease.
https://doi.org/10.1109/EMBC53108.2024.10781501,Kelley_et_al,2024,Does Excessive Tonic Inhibition Cause Unstable Feedback in Parkinson's Disease?
https://doi.org/10.1109/EMBC53108.2024.10782313,Tsimperi_et_al,2024,Precision Gait Analysis and Event Detection Using IMUs: A Comparative Evaluation with Insole Pressure Readings.
https://doi.org/10.1109/EMBC53108.2024.10782221,Meng_et_al,2024,An inertial-based gait normalcy index for motor fluctuation measurement under an unconstrained walking scenario.
https://doi.org/10.1109/EMBC53108.2024.10782316,Bektic_et_al,2024,Virtual Reality Game with Haptic Feedback for Upper Limb Rehabilitation in Parkinson's Disease.
https://doi.org/10.1109/EMBC53108.2024.10781691,Li_et_al,2024,Low intensity focused ultrasound stimulation targeted on M1 ameliorates neuroinflammation in hemi-parkinsonian rats.
https://doi.org/10.1080/07853890.2025.2472871,Gao_et_al,2025,"Role of iron in brain development, aging, and neurodegenerative diseases."
https://doi.org/10.1186/s13024-025-00818-z,Zhu_et_al,2025,Inactivation of NLRP3 inflammasome by dephosphorylation at Serine 658 alleviates glial inflammation in the mouse model of Parkinson's disease.
https://doi.org/10.1186/s13024-025-00816-1,Sirerol-Piquer_et_al,2025,Age-dependent progression from clearance to vulnerability in the early response of periventricular microglia to α-synuclein toxic species.
https://doi.org/10.1186/s12984-025-01589-w,Patera_et_al,2025,"Abnormal arm swing movements in Parkinson's disease: onset, progression and response to L-Dopa."
https://doi.org/10.1186/s12868-025-00939-7,Ngo_et_al,2025,Short-term lipopolysaccharide treatment leads to astrocyte activation in LRRK2 G2019S knock-in mice without loss of dopaminergic neurons.
https://doi.org/10.1038/s41598-025-91579-8,Naamneh-Abuelhija_et_al,2025,Concealment of Parkinsons disease prevalence and impact on health and quality of life.
https://doi.org/10.1038/s41531-025-00883-7,Caminiti_et_al,2025,Male sex accelerates cognitive decline in GBA1 Parkinson's disease.
https://doi.org/10.1038/s41531-025-00887-3,Li_et_al,2025,A personalised and comprehensive approach is required to suppress or replenish SNCA for Parkinson's disease.
https://doi.org/10.1007/s12035-025-04808-6,Kadyan_et_al,2025,Deciphering the Neuroprotective Action of Bee Venom Peptide Melittin: Insights into Mechanistic Interplay.
https://doi.org/10.1208/s12249-025-03063-1,Abaidullah_et_al,2025,Delving Into Nanoparticle Systems for Enhanced Drug Delivery Technologies.
https://doi.org/10.1177/00045632251328130,Atay_et_al,2025,Paired Copy Number Variation Analysis in Siblings Discordant for Familial Parkinson's Disease.
https://doi.org/10.1016/j.parkreldis.2025.107324,Cataniag_et_al,2025,A case report of palatal tremor in progressive supranuclear palsy.
https://doi.org/10.1016/j.parkreldis.2025.107348,Acharyya_et_al,2025,Closing the loop in DBS: A data-driven approach.
https://doi.org/10.1093/ageing/afaf047,Karhunen_et_al,2025,Common occurrence of atrophic gastritis in an ageing non-hospitalised population: an autopsy study.
https://doi.org/10.1016/j.jep.2025.119568,Zhou_et_al,2025,Maimendong decoction modulates the PINK1/Parkin signaling pathway alleviates type 2 alveolar epithelial cells senescence and enhances mitochondrial autophagy to offer potential therapeutic effects for idiopathic pulmonary fibrosis.
https://doi.org/10.1093/brain/awaf018,Belbasis_et_al,2025,Mendelian randomization identifies proteins involved in neurodegenerative diseases.
https://doi.org/10.1016/j.compbiomed.2025.109961,Gonçalves_et_al,2025,"Deep learning models for improving Parkinson's disease management regarding disease stage, motor disability and quality of life."
https://doi.org/10.1016/j.ebiom.2025.105605,Chen_et_al,2025,Extracellular vesicles: new horizons in neurodegeneration.
https://doi.org/10.1016/j.jaut.2025.103390,Noelker_et_al,2025,Autoantibodies against α-synuclein inhibit its aggregation and cytotoxicity.
https://doi.org/10.1016/j.jpsychires.2025.02.044,Xu_et_al,2025,Efficacy and safety of newer-generation antidepressants medications in Parkinson's disease with depression - A meta-analysis of randomized controllde trials.
https://doi.org/10.1016/j.parkreldis.2025.107353,Baltic_et_al,2025,Breath hydrogen levels in patients with Parkinson's disease: A pilot cross-sectional study.
https://doi.org/10.1109/TBME.2024.3418688,Peng_et_al,2025,Multi-Scale and Multi-Level Feature Assessment Framework for Classification of Parkinson's Disease State From Short-Term Motor Tasks.
https://doi.org/10.1039/d5bm00179j,Sabnam_et_al,2025,Biofunctionalized nanomaterials for Parkinson's disease theranostics: potential for efficient PD biomarker detection and effective therapy.
https://doi.org/10.1001/jamanetworkopen.2025.0014,Bock_et_al,2025,Hospice Use Among Medicare Beneficiaries With Parkinson Disease and Dementia With Lewy Bodies.
https://doi.org/10.1007/s11064-025-04361-7,de Rezende_et_al,2025,Systemic Rejuvenating Interventions: Perspectives on Neuroinflammation and Blood-Brain Barrier Integrity.
https://doi.org/10.1007/s11064-025-04362-6,Roy_et_al,2025,Dopamine Toxicity Induces ROS-Dependent Death of Murine Neuroblastoma Cells: Impact on the Interactions of Cofilin With UCHL1 and MMP9.
https://doi.org/10.1039/d4cc05280c,Liu_et_al,2025,Unnatural foldamers as inhibitors of Aβ aggregation <i>via</i> stabilizing the Aβ helix.
https://doi.org/10.1097/WNF.0000000000000628,Draytsel_et_al,2025,Amantadine Reduces Adverse Cardiovascular Outcomes in Patients With Parkinsonism or Parkinson Disease: A Global Propensity Score Matched Analysis.
https://doi.org/10.1080/0954898X.2025.2457955,Shanmugam_et_al,2025,Hybrid ladybug Hawk optimization-enabled deep learning for multimodal Parkinson's disease classification using voice signals and hand-drawn images.
https://doi.org/10.1002/mds.30158,Burt_et_al,2025,Spinocerebellar Ataxia Progression Measured with the Patient-Reported Outcome Measure of Ataxia.
https://doi.org/10.1111/jnc.70027,Li_et_al,2025,Exosome-Derived CDC42 From Hypoxia-Pretreated Neural Stem Cells Inhibits ACSL4-Related Ferroptosis to Alleviate Vascular Injury in Parkinson's Disease Mice Models.
https://doi.org/10.30802/AALAS-JAALAS-24-086,Celdran-Bonafonte_et_al,2025,An Overview of Anesthetic Procedures for Ferret (Mustela putorius furo) Preclinical Brain MRI: A Call for Standardization.
https://doi.org/10.30802/AALAS-JAALAS-24-000032,Walsh_et_al,2025,Environmental Enrichment Attenuates Reproductive Adversity in a Mouse Model of Parkinson Disease.
https://doi.org/10.1080/09638288.2025.2472053,Senter_et_al,2025,"""You need to know that you are not alone"": the sustainability of community-based dance programs for people living with Parkinson's disease."
https://doi.org/10.1111/ene.70047,Wang_et_al,2025,A Systemic Review and Meta-Analysis of the Risk of Venous Thromboembolic Events in Parkinson's Patients.
https://doi.org/10.1101/2025.02.17.25322132,Kishore_et_al,2025,Deciphering the Genetic Architecture of Parkinson's Disease in India.
https://doi.org/10.1177/25424823241304386,Simpson_et_al,2025,Neuropsychological and clinical indicators of Lewy body and Alzheimer's pathology.
https://doi.org/10.21203/rs.3.rs-6017580/v1,Aresta_et_al,2025,Digital Phenotyping of Parkinson's Disease via Natural Language Processing.
https://doi.org/10.1177/25424823241304393,Zhang_et_al,2024,Exploring causal relationship of traumatic brain injury and comorbidities: A Mendelian randomization study.
https://doi.org/10.1177/25424823241296740,Matthews_et_al,2024,<i>Centella asiatica</i> improves cognitive function and alters the hippocampal metabolome of aged Tg2576 and wild-type mice.
https://doi.org/10.1177/25424823241289373,Fischer_et_al,2024,Therapeutic drug monitoring for dose optimization in Alzheimer's disease and in dementia with Lewy bodies: A randomized single-blinded clinical trial.
https://doi.org/10.1002/mrm.30463,Hutchinson_et_al,2025,Diffusion tensor subspace imaging of double diffusion-encoded MRI delineates small fibers and gray-matter microstructure not visible with single encoding techniques.
https://doi.org/10.1111/epi.18329,Selvarajah_et_al,2025,Dravet syndrome: From neurodevelopmental to neurodegenerative disease?
https://doi.org/10.1002/acn3.70018,Zhong_et_al,2025,"Early BMI Change, Cognitive Decline, and CSF AD Biomarkers Alterations in Parkinson's Disease."
https://doi.org/10.1038/s41588-025-02099-0,Humphrey_et_al,2025,Long-read RNA sequencing atlas of human microglia isoforms elucidates disease-associated genetic regulation of splicing.
https://doi.org/10.1038/s41380-025-02943-z,Chen_et_al,2025,"Brain O-GlcNAcylation: Bridging physiological functions, disease mechanisms, and therapeutic applications."
https://doi.org/10.1038/s41598-025-92486-8,Yilmaz,2025,"Enhancements in morphology, biochemicals, nutrients, and L-Dopa in Faba bean through plant growth promoting rhizobacteria and arbuscular mycorrhizal Fungi."
https://doi.org/10.1038/s41598-025-90888-2,Kato_et_al,2025,Investigating blood-brain barrier penetration and neurotoxicity of natural products for central nervous system drug development.
https://doi.org/10.1016/j.freeradbiomed.2025.02.048,Zhao_et_al,2025,ECHS1-NOX4 interaction suppresses rotenone-induced dopaminergic neurotoxicity through inhibition of mitochondrial ROS production.
https://doi.org/10.1109/TNSRE.2025.3546278,Sousani_et_al,2025,Exploring Brain-Body Interactions in Parkinson's Disease: A Study on Dual-Task Performance.
https://doi.org/10.1109/TIP.2025.3526061,Ye_et_al,2025,VSR-Net: Vessel-like Structure Rehabilitation Network with Graph Clustering.
https://doi.org/10.1109/TNSRE.2025.3547616,Pup_et_al,2025,"The more, the better? Evaluating the role of EEG preprocessing for deep learning applications."
https://doi.org/10.1109/TNSRE.2025.3540842,Guo_et_al,2025,Continuous Estimation of Swallowing Motion With EMG and MMG Signals.
https://doi.org/10.1109/TNSRE.2025.3545110,Yang_et_al,2025,Multimodal Freezing of Gait Detection: Analyzing the Benefits and Limitations of Physiological Data.
https://doi.org/10.1109/TNSRE.2025.3542395,Luo_et_al,2025,Statistical Multiscore Functional Atlas Creation for Image-Guided Deep Brain Stimulation.
https://doi.org/10.1109/EMBC53108.2024.10782619,Zhang_et_al,2024,Channel Stacking: A Rapid Classification Method for Parkinson's Disease Based on EEG Data.
https://doi.org/10.1016/j.clineuro.2025.108816,Sohu_et_al,2025,Letter to the editor: Sleep disturbances and associated factors in patients with Parkinson's disease.
https://doi.org/10.1016/j.compbiolchem.2025.108415,Alrehaili_et_al,2025,Nalidixic acid inhibits the aggregation of HSA: Utilizing the molecular simulations to uncover the detailed insights.
https://doi.org/10.1109/TNSRE.2025.3535696,Meng_et_al,2025,Inertial-based dual-task gait normalcy index at turns: a potential novel gait biomarker for early-stage Parkinson's disease.
https://doi.org/10.1109/TNSRE.2025.3531723,Albites-Sanabria_et_al,2025,Automated Multicohort Mobility Assessment with an Instrumented L-test (iL-test).
https://doi.org/10.1109/JBHI.2025.3532695,Zhang_et_al,2025,DoctorPupil: A Virtual Reality System for Parkinson's Diagnosis Through Task-Evoked Pupil Response.
https://doi.org/10.1016/j.neuroscience.2025.02.041,Goldberg_et_al,2025,"Retraction notice to ""Enriched environment promotes similar neuronal and behavioral recovery in a young and aged mouse model of Parkinson's disease"" [Neuroscience 172 (2011) 443-452]."
https://doi.org/10.1109/TNSRE.2025.3527578,Omejc_et_al,2025,Cortico-Muscular Phase Connectivity During an Isometric Knee Extension Task in People with Early Parkinson's Disease.
https://doi.org/10.1109/TNSRE.2025.3530110,Han_et_al,2025,Finding Neural Biomarkers for Motor Learning and Rehabilitation using an Explainable Graph Neural Network.
https://doi.org/10.1109/TUFFC.2024.3525143,Hong_et_al,2025,Transcranial focused ultrasound modifies disease progression in SOD1<sup>G93A</sup> mouse model of amyotrophic lateral sclerosis.
https://doi.org/10.1109/TNSRE.2024.3523906,Kuang_et_al,2024,Hierarchical Contrastive Representation for Accurate Evaluation of Rehabilitation Exercises via Multi-view Skeletal Representations.
https://doi.org/10.1109/JBHI.2024.3522664,Wang_et_al,2024,Addressing Multiple Challenges in Early Gait Freezing Prediction for Parkinson's Disease: A Practical Deep Learning Approach.
https://doi.org/10.1109/TBME.2024.3519628,Iyer_et_al,2024,Ultrasound Imaging Triggered Tremor Suppression with Personalized Afferent Stimulation Frequency.
https://doi.org/10.1109/JBHI.2024.3427700,Mishra_et_al,2024,Topological Gait Analysis: A New Framework and Its Application to the Study of Human Gait.
https://doi.org/10.1080/1028415X.2025.2472773,Panda_et_al,2025,Advanced strategies for enhancing the neuroprotective potential of curcumin: delivery systems and mechanistic insights in neurodegenerative disorders.
https://doi.org/10.1371/journal.pone.0319935,Unknown,2025,Retraction: TOM40 Mediates Mitochondrial Dysfunction Induced by α-Synuclein Accumulation in Parkinson's Disease.
https://doi.org/10.3791/67228,Yangzom_et_al,2025,Generation of 3D Midbrain Organoids from Human-Induced Pluripotent Stem Cells.
https://doi.org/10.1007/s11596-025-00017-3,Shastry,2025,Deep Learning-Based Diagnostic Model for Parkinson's Disease Using Handwritten Spiral and Wave Images.
https://doi.org/10.1007/s11011-025-01547-4,Vastegani_et_al,2025,"Correction to: Anti-inflammatory, anti-apoptotic, and neuroprotective potentials of anethole in Parkinson's disease-like motor and non-motor symptoms induced by rotenone in rats."
https://doi.org/10.1039/d4tb02428a,Mansour_et_al,2025,Metallic nanomaterials in Parkinson's disease: a transformative approach for early detection and targeted therapy.
https://doi.org/10.1002/mdc3.70007,Saade_et_al,2025,Reported Symptoms in Prodromal and Early Motor Parkinson's Disease: A Scoping Review on the Patient Perspective.
https://doi.org/10.5603/pjnns.103572,Filidei_et_al,2025,Do Parkinson's Disease clinical subtypes really exist?
https://doi.org/10.1002/mds.30159,Paschen_et_al,2025,Comparative Study of Focused Ultrasound Unilateral Thalamotomy and Subthalamotomy for Medication-Refractory Parkinson's Disease Tremor.
https://doi.org/10.1002/mdc3.70027,Khosravi_et_al,2025,Motor Neuron Involvement in Two ATP13A2-Related Families: ALS And HSP-Like Phenotypes.
https://doi.org/10.4103/drj.drj_548_24,Jain_et_al,2025,Effectiveness of prosthodontic intervention in patients with Parkinson's disease.
https://doi.org/10.3389/fimmu.2025.1482033,Huang_et_al,2025,<i>Porphyromonas gingivalis</i>: a potential trigger of neurodegenerative disease.
https://doi.org/10.1016/j.isci.2025.111935,Taguchi_et_al,2025,SENP2-based N-terminal truncation of α-synuclein in Lewy pathology propagation.
https://doi.org/10.1016/j.bbih.2025.100948,Santos_et_al,2025,New perspectives on heterogeneity in astrocyte reactivity in neuroinflammation.
https://doi.org/10.1021/acsomega.4c08385,Elbatrawy_et_al,2025,Inspecting the Triazole Scaffold as Powerful Antifibril Agents against 2N4R Tau and α-Synuclein Aggregates.
https://doi.org/10.1101/2025.02.13.637661,Asaithambi_et_al,2025,Rationally Designed PKD1 Activator Protects Against Neurodegeneration in Pre-clinical Models of Parkinson's Disease.
https://doi.org/10.1101/2025.02.19.639160,Thayer_et_al,2025,Novel reporter of the PINK1-Parkin mitophagy pathway identifies its damage sensor in the import gate.
https://doi.org/10.1101/2025.02.16.638540,Hu_et_al,2025,Targeting the ClpP-αSynuclein Interaction with a Decoy Peptide to Mitigate Neuropathology in Parkinson's Disease Models.
https://doi.org/10.1101/2025.02.17.638647,Bhattacharya_et_al,2025,Cell type transcriptomics reveal shared genetic mechanisms in Alzheimer's and Parkinson's disease.
https://doi.org/10.1101/2025.02.15.638442,Dhinagar_et_al,2025,Parameter Efficient Fine-tuning of Transformer-based Masked Autoencoder Enhances Resource Constrained Neuroimage Analysis.
https://doi.org/10.1101/2025.02.13.638147,Ishii_et_al,2025,The 5-HT1F Receptor Agonist Lasmiditan improves Cognition and Ameliorates Associated Cortico-Hippocampal Pathology in Aging Parkinsonian Mice.
https://doi.org/10.1515/tnsci-2025-0366,Wang_et_al,2025,Epigallocatechin gallate mitigates the motor deficits in a rotenone-induced Parkinson's disease rat model via promoting protein kinase D1 and inhibiting neuronal Parthanatos.
https://doi.org/10.33393/aop.2025.3339,Ries_et_al,2025,"Scaling new heights: a pilot study of the impact of climbing on balance, agility, and dexterity in individuals with Parkinson's disease."
https://doi.org/10.15167/2421-4248/jpmh2024.65.4.3322,Zanini_et_al,2024,Quality of Life and non-motor symptoms Improvement in Parkinson's Disease through Nutritional Intervention: a Case Study.
https://doi.org/10.1111/ejn.70034,Zamanian_et_al,2025,The Roles of Neuroinflammation in l-DOPA-Induced Dyskinesia: Dissecting the Roles of NF-κB and TNF-α for Novel Pharmacological Therapeutic Approaches.
https://doi.org/10.1177/1877718X251319242,Nuber-Champier_et_al,2025,Cerebrospinal ceramides and cognition as a function of striatal asymmetry in early stage of Parkinson's disease.
https://doi.org/10.1177/1877718X251325124,Abdi_et_al,2025,Seeding amplification assay: Limitations and insights for enhanced clinical and research applications.
https://doi.org/10.1038/s41598-025-92105-6,Rahmatallah_et_al,2025,Pre-trained convolutional neural networks identify Parkinson's disease from spectrogram images of voice samples.
https://doi.org/10.1038/s41598-025-92103-8,Zhang_et_al,2025,Unraveling the role of neuregulin-mediated astrocytes-OPCs axis in the pathogenesis of age-related macular degeneration and Parkinson's disease.
https://doi.org/10.1038/s41531-025-00875-7,Lei_et_al,2025,Z/Ce@hemin enzymes with enhanced peroxidase activity for monitoring and screening the oxidative stress models of Parkinson's disease.
https://doi.org/10.1038/s41531-025-00877-5,Harvey_et_al,2025,Epigenetic insights into neuropsychiatric and cognitive symptoms in Parkinson's disease: A DNA co-methylation network analysis.
https://doi.org/10.1038/s41531-025-00889-1,Zhang_et_al,2025,Transcutaneous auricular vagus nerve stimulation improves cortical functional topological properties and intracortical facilitation in patients with Parkinson's disease.
https://doi.org/10.1007/s11033-025-10384-8,Manoharan_et_al,2025,Neuroprotective capacity of Celastrus paniculatus on rotenone-induced parkinsonism in zebrafish model.
https://doi.org/10.1007/s00415-025-12983-8,Zhu_et_al,2025,Taste impairment in patients with Parkinsonism.
https://doi.org/10.1007/s00415-025-12973-w,Rey_et_al,2025,Reflexive and voluntary saccades as a proxy for bradykinesia and apathy in Parkinson's disease.
https://doi.org/10.1007/s00401-025-02861-y,Beauchamp_et_al,2025,Evidence of COMT dysfunction in the olfactory bulb in Parkinson's disease.
https://doi.org/10.1248/yakushi.24-00175,Hisaka,2025,[Promoting Research on Modeling and Simulation].
https://doi.org/10.3760/cma.j.cn112137-20240823-01947,Wang_et_al,2025,[Multidimensional evaluation of olfactory function in patients with Parkinson's disease and its correlation with rapid eye movement sleep behavior disorder].
https://doi.org/10.3760/cma.j.cn112137-20241012-02309,Unknown,2025,[Expert consensus on the prevention and treatment of delirium after deep brain stimulation surgery for Parkinson's disease].
https://doi.org/10.1016/j.mito.2025.102019,Hu_et_al,2025,Research progress on paternal mitochondrial inheritance: An overview.
https://doi.org/10.1016/j.bbr.2025.115517,Huang_et_al,2025,Intranasal α-Synuclein Induces Progressive Behavioral Impairments in Mice.
https://doi.org/10.1016/j.pneurobio.2025.102734,López-García_et_al,2025,Current amyloid inhibitors: therapeutic applications and nanomaterial-based innovations.
https://doi.org/10.1159/000543457,Kwok_et_al,2025,"Effects of Meditation and Yoga on Anxiety, Depression and Chronic Inflammation in Patients with Parkinson's Disease: A Randomized Clinical Trial."
https://doi.org/10.1016/j.intimp.2025.114364,Zhao_et_al,2025,Tan I modulates astrocyte inflammatory responses through enhanced NAD<sup>+</sup>-Sirt1 pathway: Insights from metabolomics studies.
https://doi.org/10.1016/j.phymed.2025.156553,Lei_et_al,2025,Tianma Gouteng Decoction improve neuronal synaptic plasticity and oligodendrocyte apoptosis in Parkinson's disease mice.
https://doi.org/10.1016/j.jpet.2024.100055,Zajdel_et_al,2025,Simultaneous 5-HT<sub>1B</sub>R agonist/5-HT<sub>6</sub>R antagonist action as a potential treatment of Parkinson's disease and its comorbidities.
https://doi.org/10.1016/j.slast.2025.100260,Zhao_et_al,2025,MRI-based Differentiation of Parkinson's Disease by Cerebellar Gray Matter Volume.
https://doi.org/10.1016/j.neuropharm.2025.110386,de Gois_et_al,2025,β-2 agonist and antagonist adrenoceptors induce neuroprotection in a progressive model of parkinsonism.
https://doi.org/10.1016/j.nbd.2025.106848,Wichmann_et_al,2025,Leveraging animal models to understand non-motor symptoms of Parkinson's disease.
https://doi.org/10.1016/j.brainres.2025.149540,Kumar_et_al,2025,Treadmill exercise mitigates rotenone-induced neuroinflammation and α-synuclein level in a mouse model of Parkinson's disease.
https://doi.org/10.1016/j.nlm.2025.108036,Balmer_et_al,2025,Engrams across diseases: Different pathologies - unifying mechanisms?
https://doi.org/10.1016/j.ejmech.2025.117452,Ali_et_al,2025,Rationally designed peptides inhibit the formation of α-synuclein fibrils and oligomers.
https://doi.org/10.1002/ana.27219,Somerville_et_al,2025,Plasma Glucosylceramide Levels Are Regulated by ATP10D and Are Not Involved in Parkinson's Disease Pathogenesis.
https://doi.org/10.1111/cns.70310,Gao_et_al,2025,Nonmotor Symptom Changes and Their Association With Falls Among Parkinson's Disease Patients Undergoing Deep Brain Stimulation: A 1-Year Cohort Study.
https://doi.org/10.1186/s13024-025-00814-3,Kim_et_al,2025,Preclinical studies and transcriptome analysis in a model of Parkinson's disease with dopaminergic ZNF746 expression.
https://doi.org/10.1186/s12974-025-03396-5,Lu_et_al,2025,Protective role of mitophagy on microglia-mediated neuroinflammatory injury through mtDNA-STING signaling in manganese-induced parkinsonism.
https://doi.org/10.1038/s41531-025-00882-8,Gerasimova_et_al,2025,Novel co-culture model of T cells and midbrain organoids for investigating neurodegeneration in Parkinson's disease.
https://doi.org/10.1007/s10072-025-08052-7,Yamada_et_al,2025,Duloxetine-associated parkinsonism in a patient with subclinical parkinson's disease: a case report.
https://doi.org/10.1007/s10822-025-00588-2,Negi_et_al,2025,"Multi-targeted benzylpiperidine-isatin hybrids: Design, synthesis, biological and in silico evaluation as monoamine oxidases and acetylcholinesterase inhibitors for neurodegenerative disease therapies."
https://doi.org/10.1016/j.expneurol.2025.115193,Miranda_et_al,2025,Role of substantia Nigra dopaminergic neurons in respiratory modulation and limitations of levodopa in Parkinson's disease.
https://doi.org/10.1016/j.media.2025.103509,Xia_et_al,2025,Interpretable modality-specific and interactive graph convolutional network on brain functional and structural connectomes.
https://doi.org/10.1016/j.radi.2025.102903,Hamed_et_al,2025,Fast susceptibility-weighted imaging using echo planar imaging at 1.5 T for swallow tail sign biomarker detection in Parkinson's disease.
https://doi.org/10.1021/acschemneuro.4c00709,Baffour_et_al,2025,Modulation of α-Synuclein Fibrillation and Toxicity by 4-Phenylbutyric Acid.
https://doi.org/10.1126/sciadv.adr1938,Pollock_et_al,2025,A long-lived pool of PINK1 imparts a molecular memory of depolarization-induced activity.
https://doi.org/10.1007/s11255-025-04435-z,Gubbiotti_et_al,2025,Clinical features in Parkinson's disease: characterization of urinary symptoms according to Parkinson disease subtype.
https://doi.org/10.1007/s00204-025-04002-6,Su_et_al,2025,Exposure to polystyrene nanoplastics causes anxiety and depressive-like behavior and down-regulates EAAT2 expression in mice.
https://doi.org/10.1002/anie.202500518,Mazhari Dorooee_et_al,2025,LIBX-A401: A Novel Selective Inhibitor of Acyl-CoA Synthetase Long Chain Family Member 4 (ACSL4) and Its Binding Mode.
https://doi.org/10.7554/eLife.97894,Soni_et_al,2025,Adaptive chunking improves effective working memory capacity in a prefrontal cortex and basal ganglia circuit.
https://doi.org/10.1002/mdc3.70011,Kals_et_al,2025,Polygenic Risk Score Combined with Transcranial Sonography Refines Parkinson's Disease Risk Prediction.
https://doi.org/10.31083/FBL26679,Wang_et_al,2025,Targeting Ferroptosis: Acteoside as a Neuroprotective Agent in Salsolinol-Induced Parkinson's Disease Models.
https://doi.org/10.31083/JIN26393,Goldeck_et_al,2025,Frequencies of Circulating Immune Cells in Patients with Parkinson's Disease: Correlation with MDS-UPDRS Scores.
https://doi.org/10.3389/fpsyt.2025.1453852,Nguchu_et_al,2025,Identifying network state-based Parkinson's disease subtypes using clustering and support vector machine models.
https://doi.org/10.3389/fnagi.2025.1512130,Wang_et_al,2025,"Convergent reductions in interhemispheric functional, structural and callosal connectivity in Parkinson's disease."
https://doi.org/10.3389/fnins.2025.1531122,Belfort_et_al,2025,Comparative analysis of AAV serotypes for transduction of olfactory sensory neurons.
https://doi.org/10.1177/17562864251318865,Huang_et_al,2025,Differentiating idiopathic Parkinson's disease from multiple system atrophy-P using brain MRI-based radiomics: a multicenter study.
https://doi.org/10.1177/09727531231200733,Rangwala_et_al,2025,From Diagnosis to Treatment: A Comprehensive Review of Biomarkers and Therapeutic Advances in Parkinson's Disease.
https://doi.org/10.1017/cjn.2025.30,Kulshreshtha_et_al,2025,Transcranial Pulsed Current Stimulation (tPCS) in Parkinson's Disease: A Pilot Trial.
https://doi.org/10.1007/s13760-025-02752-9,Gavabari_et_al,2025,Expression levels of protein inhibitor of activated STAT (PIAS) family genes in Parkinson's disease patients: results from a case-control study.
https://doi.org/10.1016/j.parkreldis.2025.107347,Cole_et_al,2025,Are we ready for automated deep brain stimulation programming?
https://doi.org/10.1016/j.jbc.2025.108351,Sun_et_al,2025,Structural basis of a distinct α-synuclein strain that promotes tau inclusion in neurons.
https://doi.org/10.1016/j.pnpbp.2025.111299,Sarriés-Serrano_et_al,2025,"Impaired unfolded protein response, BDNF and synuclein markers in postmortem dorsolateral prefrontal cortex and caudate nucleus of patients with depression and Parkinson's disease."
https://doi.org/10.1016/j.ejphar.2025.177430,Sheng_et_al,2025,TIGAR plays neuroprotective roles in MPP<sup>+</sup>/MPTP-induced Parkinson's disease by alleviating ferroptosis.
https://doi.org/10.1016/j.jmb.2025.169048,Schützmann_et_al,2025,Off-pathway oligomers of α-synuclein and Aβ inhibit secondary nucleation of α-synuclein amyloid fibrils.
https://doi.org/10.1016/j.parkreldis.2025.107349,Azoidou_et_al,2025,A pilot interventional study on feasibility and effectiveness of the CUE1 device in Parkinson's disease.
https://doi.org/10.1016/j.parkreldis.2025.107345,Uribe-Kirby_et_al,2025,"Can we detect cognitive ""super-agers"" in Parkinson's disease? Cognitive, neuropsychiatric and motor outcomes in the first 10 years of Parkinson's disease."
https://doi.org/10.1088/1741-2552/adbb20,Dold_et_al,2025,Dareplane: a modular open-source software platform for BCI research with application in closed-loop deep brain stimulation.
https://doi.org/10.1212/WNL.0000000000213436,Chinchihualpa Paredes_et_al,2025,Clinical Reasoning: Juvenile-Onset Dopa-Responsive Dystonia-Until It Isn't.
https://doi.org/10.1007/s10787-025-01698-x,Kuwar_et_al,2025,"Anti-inflammatory and antioxidant effects of baicalein: targeting Nrf2, and NFĸB in neurodegenerative disease."
https://doi.org/10.1007/s11064-025-04351-9,Song_et_al,2025,Corydaline Alleviates 1-Methyl-4-Phenylpyridium (MPP<sup>+</sup>)-Induced Human Neuroblastoma Cell Injury by BAP1-NRF2/HO-1/GPX4 Pathway.
https://doi.org/10.5603/pjnns.104123,Franz_et_al,2025,Screening for PRKN and PINK1 mutations in Ecuadorian patients with early-onset Parkinson's Disease.
https://doi.org/10.1002/mds.30163,Yao_et_al,2025,Beta Burst Characteristics and Coupling within the Sensorimotor Cortical-Subthalamic Nucleus Circuit Dynamically Relate to Bradykinesia in Parkinson's Disease.
https://doi.org/10.1111/cns.70308,Zhu_et_al,2025,Histamine Modulation of the Basal Ganglia Circuitry in the Motor Symptoms of Parkinson's Disease.
https://doi.org/10.5603/pjnns.104615,Oikonomou_et_al,2025,Differences in prevalence of orthostatic hypotension between Parkinson's Disease motor subtypes.
https://doi.org/10.1039/d4bm01566e,Atkinson_et_al,2025,An immunomodulatory encapsulation system to deliver human iPSC-derived dopaminergic neuron progenitors for Parkinson's disease treatment.
https://doi.org/10.3389/fnagi.2025.1513373,Xu_et_al,2025,Bidirectional relationship between depression and activities of daily living and longitudinal mediation of cognitive function in patients with Parkinson's disease.
https://doi.org/10.3389/fnagi.2024.1454735,Tang_et_al,2024,Study insights in the role of PGC-1α in neurological diseases: mechanisms and therapeutic potential.
https://doi.org/10.3389/fmmed.2025.1557546,Alipio_et_al,2025,Editorial: Neuroinflammatory aspects in neurological disorders.
https://doi.org/10.3389/fnana.2025.1504065,Yassin_et_al,2025,Exploring the microbiota-gut-brain axis: impact on brain structure and function.
https://doi.org/10.3389/fphar.2025.1552586,Zhu_et_al,2025,Advances in hydrogel for diagnosis and treatment for Parkinson's disease.
https://doi.org/10.3389/fncel.2025.1528995,Chen_et_al,2025,Glymphatic system: a self-purification circulation in brain.
https://doi.org/10.14802/jmd.24131,Chang_et_al,2025,The association between the triglyceride-glucose index and the incidence risk of Parkinson's disease: A nationwide cohort study.
https://doi.org/10.2174/1570159X23666250225091729,Xie_et_al,2025,"Roles of Microglia in Synaptogenesis, Synaptic Pruning, and Synaptic Plasticity in Physiological Conditions and Central Nervous System Disorders."
https://doi.org/10.1097/CM9.0000000000003486,Wei_et_al,2025,"Alterations of diffusion kurtosis measures in gait-related white matter in the ""ON-OFF state"" of Parkinson's disease."
https://doi.org/10.1186/s12984-025-01578-z,Post_et_al,2025,Quantifying arm swing in Parkinson's disease: a method accounting for arm activities during free-living gait.
https://doi.org/10.1038/s41586-025-08623-w,Cipriani_et_al,2025,"Rare disease gene association discovery in the 100,000 Genomes Project."
https://doi.org/10.1038/s41598-025-91230-6,Santangelo_et_al,2025,Hypothesizing mechanistic links between microbes and disease using knowledge graphs.
https://doi.org/10.1038/s41598-024-75116-7,Razzak_et_al,2025,"New nanomanufacturing strategy through bioinspired design, for promising treatment of Parkinson's disease."
https://doi.org/10.1038/s41467-025-57142-9,Gao_et_al,2025,Dysregulation of mitochondrial α-ketoglutarate dehydrogenase leads to elevated lipid peroxidation in CHCHD2-linked Parkinson's disease models.
https://doi.org/10.1007/s12035-025-04710-1,Liu_et_al,2025,Adenine Nucleotide Translocase 1 Promotes Functional Integrity of Mitochondria via Activating DDIT3-CytC Pathway and Intensifying Actin Filament Structures.
https://doi.org/10.1007/s10753-025-02267-8,Li_et_al,2025,FDA-Approved Secukinumab Alleviates Glial Activation and Immune Cell Infiltration in MPTP-Induced Mouse Model of Parkinson's Disease.
https://doi.org/10.1136/bmjopen-2024-090605,Sammons_et_al,2025,Effects of aspirin and omega-3 fatty acids on age-related macular degeneration in ASCEND-Eye: a randomised placebo-controlled trial in a population with diabetes.
https://doi.org/10.5692/clinicalneurol.cn-002014,Akamatsu_et_al,2025,[A case of anti-IgLON5 disease with recurrent respiratory failure].
https://doi.org/10.1016/j.micpath.2025.107409,Yang_et_al,2025,"Protective effect of ginsenoside CK against MPTP-induced Parkinson' s disease mouse model by suppressing oxidative stress and inflammation, and modulating the gut microbiota."
https://doi.org/10.1016/j.neuropharm.2025.110385,Samur_et_al,2025,Vortioxetine attenuates rotenone-induced enteric neuroinflammation via modulation of the TLR2/S100B/RAGE signaling pathway in a rat model of Parkinson's disease.
https://doi.org/10.1016/j.bbr.2025.115510,de Lange_et_al,2025,High fat diet induces differential age- and gender-dependent changes in neuronal function in Drosophila linked to redox stress.
https://doi.org/10.1016/j.ejphar.2025.177417,Choudhary_et_al,2025,Navigating the complexities of neuronal signaling and targets in neurological disorders: From pathology to therapeutics.
https://doi.org/10.1016/j.neurobiolaging.2025.02.003,Caulfield_et_al,2025,Advancing age and sex modulate antidyskinetic efficacy of striatal Ca<sub>V</sub>1.3 gene therapy in a rat model of Parkinson's disease.
https://doi.org/10.1007/s11307-025-01991-9,Salarian_et_al,2025,Evaluation of [<sup>18</sup>F]JNJ-CSF1R-1 as a Positron Emission Tomography Ligand Targeting Colony-Stimulating Factor 1 Receptor.
https://doi.org/10.1021/acschemneuro.4c00559,Laurent_et_al,2025,"Inhibition of the Parkinson's Disease-Related Protein DJ-1 by Endogenous Neurotoxins of the 1,2,3,4-Tetrahydroisoquinoline Family."
https://doi.org/10.1002/mdc3.70021,Eid_et_al,2025,Parkinson Disease-Related Phantom Dystonia in an Amputated Limb.
https://doi.org/10.1002/mds.30132,Liu_et_al,2025,Assessment of Piezo1 Expression in Urinary Exfoliated Cells as a Diagnostic Indicator for Multiple System Atrophy.
https://doi.org/10.1002/mdc3.70004,Antonini_et_al,2025,Mesdopetam for the Treatment of Levodopa Induced Dyskinesia in Parkinson's Disease: A Randomized Phase 2b Trial.
https://doi.org/10.20960/nh.05272,García Milla_et_al,2025,The effect of supplementation with prebiotic fiber on the gut microbiota of a group of older people with Parkinson's disease from the city of Santiago de Chile. A pilot study.
https://doi.org/10.1111/cns.70294,Gao_et_al,2025,Proteome-Wide Association Study for Finding Druggable Targets in Progression and Onset of Parkinson's Disease.
https://doi.org/10.3389/fncel.2025.1532960,Denaro_et_al,2025,Mechanistic insights into connexin-mediated neuroglia crosstalk in neurodegenerative diseases.
https://doi.org/10.3389/fnagi.2025.1512278,Ishaq_et_al,2025,Effects of exercise training on the nigrostriatal glutamatergic pathway and receptor interactions in Parkinson's disease: a systematic review.
https://doi.org/10.1016/j.intimp.2025.114351,Zeng_et_al,2025,Macrophage migration inhibitory factor in the mouse hippocampus promotes neuroinflammation and cognitive dysfunction following anesthesia and surgery.
https://doi.org/10.5603/pjnns.103168,Kasprzak_et_al,2025,Levodopa and dopamine agonist phobia in Parkinson's Disease - does it really matter? A survey on treatment patterns in Polish tertiary centres.
https://doi.org/10.1177/1877718X241312409,Quintero_et_al,2025,Two-year feasibility and safety of open-label autologous peripheral nerve tissue implantation during deep brain stimulation in patients with Parkinson's disease.
https://doi.org/10.1177/1877718X241305626,Mancini_et_al,2025,A framework to standardize gait study protocols in Parkinson's disease.
https://doi.org/10.3390/v17020203,Mielcarska_et_al,2025,Viruses and the Brain-A Relationship Prone to Trouble.
https://doi.org/10.3390/pharmaceutics17020243,Katamesh_et_al,2025,Tailored Intranasal Albumin Caged Selegiline-α Synuclein siRNA Liposome with Improved Efficiency in Parkinson's Model.
https://doi.org/10.3390/s25041230,van Doorn_et_al,2025,Gait Parameters Can Be Derived Reliably and Validly from Augmented Reality Glasses in People with Parkinson's Disease Performing 10-m Walk Tests at Comfortable and Fast Speeds.
